register_id,name,institution_id,institution_name,created,modified,addresses_roadtype_id,addresses_road_id,addresses_road_name,addresses_start_street_number,addresses_end_street_number,addresses_neighborhood_id,addresses_neighborhood_name,addresses_district_id,addresses_district_name,addresses_zip_code,addresses_town,addresses_main_address,values_id,values_attribute_id,values_category,values_attribute_name,values_value,values_outstanding,values_description,secondary_filters_id,secondary_filters_name,secondary_filters_fullpath,secondary_filters_tree,secondary_filters_asia_id,geo_epgs_25831_x,geo_epgs_25831_y,geo_epgs_4326_x,geo_epgs_4326_y
﻿75990029810,Clínica Corachan,,,1996-09-17T00:00:00+02:00,2023-10-03T10:45:14.797254+02:00,,51500,C Buïgas,19,,24,les Tres Torres,5,Sarrià-Sant Gervasi,8017,BARCELONA,TRUE,136687,20003,Telèfons,Centraleta,932545800,TRUE,,61731068,Hospitals i clíniques,Planol BCN >> Sanitat >> Hospitals i Centres d'Atenció Primària >> Hospitals i clíniques,651,65103008000000,427330.72615779063,4582807.840141923,41.39352284333145,2.130747645161546
﻿99400313275,Centre d'Urgències d'Atenció Primària Casernes de Sant Andreu,99400313267,Centre de Salut Isabel Roig-Casernes de Sant Andreu,2013-03-15T00:00:00+01:00,2023-02-22T14:08:26.125297+01:00,,701334,Carrer de Fernando Pessoa,47,51,60,Sant Andreu,9,Sant Andreu,8030,Barcelona,TRUE,225178,20001,Telèfons,Tel.,932747950,TRUE,,61731070,Centres urgències (CUAPs),Planol BCN >> Sanitat >> Hospitals i Centres d'Atenció Primària >> Centres urgències (CUAPs),651,65103008000002,432571.726,4588265.323,41.44313317918459,2.1928246307372428
﻿99400034515,Centre d'Esclerosi Múltiple de Catalunya - CEMCAT,97325141753,Fundació Esclerosi Múltiple,2003-02-24T13:34:16+01:00,2023-03-09T15:05:49.417364+01:00,,352507,Pg Vall d'Hebron,119,,40,Montbau,7,Horta-Guinardó,8035,BARCELONA,TRUE,206072,20001,Telèfons,Tel.,931751555,TRUE,,61731068,Hospitals i clíniques,Planol BCN >> Sanitat >> Hospitals i Centres d'Atenció Primària >> Hospitals i clíniques,651,65103008000000,428430.55065672315,4586630.364106636,41.428049361310656,2.1434499328190997
﻿94286182144,Centre d'Atenció Primària El Clot,,,1994-10-13T00:00:00+01:00,2023-05-30T22:02:19.362999+02:00,,86200,C Concili de Trento,25,,65,el Clot,10,Sant Martí,8018,BARCELONA,TRUE,501647,20003,Telèfons,Centraleta,933037301,FALSE,,61731069,CAPs,Planol BCN >> Sanitat >> Hospitals i Centres d'Atenció Primària >> CAPs,651,65103008000001,432558.0419614021,4584782.87696243,41.411766778513375,2.193049312588346
﻿75990099869,CBC Clínica Barceloneta,,,1996-09-18T00:00:00+02:00,2023-10-03T10:04:03.917395+02:00,,254100,C Pescadors,88,,3,la Barceloneta,1,Ciutat Vella,8003,BARCELONA,TRUE,142489,20001,Telèfons,Tel.,932214704,TRUE,,61731068,Hospitals i clíniques,Planol BCN >> Sanitat >> Hospitals i Centres d'Atenció Primària >> Hospitals i clíniques,651,65103008000000,432265.0716070922,4580807.510687398,41.375937136268696,2.189988859177943
﻿92086018491,Centre d'Atenció Primària La Pau,,,1987-02-04T00:00:00+01:00,2023-05-30T22:02:27.608863+02:00,,700957,C Pere Vergés,3,,73,la Verneda i la Pau,10,Sant Martí,8020,BARCELONA,TRUE,165910,20001,Telèfons,Tel.,932788660,TRUE,,61731069,CAPs,Planol BCN >> Sanitat >> Hospitals i Centres d'Atenció Primària >> CAPs,651,65103008000001,433873.8019409037,4586010.263257357,41.42293083907828,2.208656896009578
﻿75990052917,Clínica Sant Jordi,,,1996-09-18T00:00:00+02:00,2023-10-03T10:44:39.248508+02:00,,116107,Pl Estació,12,,60,Sant Andreu,9,Sant Andreu,8030,BARCELONA,TRUE,138110,20003,Telèfons,Centraleta,935047100,TRUE,,61731068,Hospitals i clíniques,Planol BCN >> Sanitat >> Hospitals i Centres d'Atenció Primària >> Hospitals i clíniques,651,65103008000000,432586.28613154736,4587557.429927636,41.436758654397906,2.193077895717268
﻿94040143759,Centre d'Atenció Primària Vallvidrera,,,1994-02-09T00:00:00+01:00,2023-05-30T22:02:18.642583+02:00,,280803,Carrer d'Elisa Moragas i Badia,2,2,22,"Vallvidrera, el Tibidabo i les Planes",5,Sarrià-Sant Gervasi,8017,Barcelona,TRUE,174312,20001,Telèfons,Tel.,934068453,TRUE,,61731069,CAPs,Planol BCN >> Sanitat >> Hospitals i Centres d'Atenció Primària >> CAPs,651,65103008000001,425131.616,4585083.577,41.41381756046356,2.1041639799133054
﻿75990364469,Hospital Plató,,,1996-09-18T00:00:00+02:00,2023-10-03T10:39:48.302660+02:00,,260158,C Plató,21,,26,Sant Gervasi - Galvany,5,Sarrià-Sant Gervasi,8006,BARCELONA,TRUE,151838,20003,Telèfons,Centraleta,933069900,TRUE,,61731068,Hospitals i clíniques,Planol BCN >> Sanitat >> Hospitals i Centres d'Atenció Primària >> Hospitals i clíniques,651,65103008000000,428315.7564032176,4583661.522024942,41.4013000208271,2.1424279977430216
﻿92086031184,Centre d'Atenció Primària Ciutat Meridiana,,,1989-10-24T00:00:00+01:00,2023-05-30T22:02:27.067544+02:00,,300503,C Sant Feliu de Codines,2,,54,Torre Baró,8,Nou Barris,8033,BARCELONA,TRUE,167533,20003,Telèfons,Centraleta,933508889,TRUE,,61731069,CAPs,Planol BCN >> Sanitat >> Hospitals i Centres d'Atenció Primària >> CAPs,651,65103008000001,431637.8098009769,4590192.817074642,41.46041438468622,2.1814277070234023
﻿92086031184,Centre d'Atenció Primària Ciutat Meridiana,,,1989-10-24T00:00:00+01:00,2023-05-30T22:02:27.067544+02:00,,300503,C Sant Feliu de Codines,2,,54,Torre Baró,8,Nou Barris,8033,BARCELONA,TRUE,167533,20003,Telèfons,Centraleta,933508889,TRUE,,61731070,Centres urgències (CUAPs),Planol BCN >> Sanitat >> Hospitals i Centres d'Atenció Primària >> Centres urgències (CUAPs),651,65103008000002,431637.8098009769,4590192.817074642,41.46041438468622,2.1814277070234023
﻿92168172665,Clínica Oftalmològica Visioncore,,,1987-12-07T00:00:00+01:00,2023-07-11T08:50:39.363635+02:00,,187105,Madrazo,46,,26,Sant Gervasi - Galvany,5,Sarrià-Sant Gervasi,8006,BARCELONA,TRUE,172830,20001,Telèfons,Tel.,933906139,TRUE,,61731068,Hospitals i clíniques,Planol BCN >> Sanitat >> Hospitals i Centres d'Atenció Primària >> Hospitals i clíniques,651,65103008000000,428774.4849842869,4583482.256870331,41.3997262174321,2.1479363598535164
﻿92086033721,Centre d'Atenció Primària El Carmel,,,1990-11-28T00:00:00+01:00,2023-05-30T22:02:25.448247+02:00,,224405,C Murtra,130,,37,el Carmel,7,Horta-Guinardó,8032,BARCELONA,TRUE,168138,20003,Telèfons,Centraleta,933571853,TRUE,,61731069,CAPs,Planol BCN >> Sanitat >> Hospitals i Centres d'Atenció Primària >> CAPs,651,65103008000001,429390.7915051705,4585822.564180877,41.42085881955093,2.1550353094774626
﻿75990098805,Clínica Planas,,,1996-09-18T00:00:00+02:00,2023-10-03T10:43:25.618680+02:00,,249202,C Pere II de Montcada,16,,23,Sarrià,5,Sarrià-Sant Gervasi,8034,BARCELONA,TRUE,142044,20001,Telèfons,Tel.,932032812,TRUE,,61731068,Hospitals i clíniques,Planol BCN >> Sanitat >> Hospitals i Centres d'Atenció Primària >> Hospitals i clíniques,651,65103008000000,426074.6592198007,4583466.288446654,41.39933870913293,2.115644191358369
﻿94348144034,Centre d'Atenció Primària Horta,,,1994-12-14T00:00:00+01:00,2023-05-30T22:02:17.145383+02:00,,179901,C Lisboa,35,,37,el Carmel,7,Horta-Guinardó,8032,BARCELONA,TRUE,181533,20001,Telèfons,Tel.,934072768,TRUE,Equip d'Atenció Primària Horta D,61731069,CAPs,Planol BCN >> Sanitat >> Hospitals i Centres d'Atenció Primària >> CAPs,651,65103008000001,429563.1326467588,4586707.34259421,41.428842787756075,2.1569943945774512
﻿75990043224,Hospital de Nens de Barcelona,,,1996-09-18T00:00:00+02:00,2023-10-03T10:19:28.954008+02:00,,89004,C Consell de Cent,437,,7,la Dreta de l'Eixample,2,Eixample,8009,BARCELONA,TRUE,137873,20001,Telèfons,Tel.,932310512,TRUE,,61731068,Hospitals i clíniques,Planol BCN >> Sanitat >> Hospitals i Centres d'Atenció Primària >> Hospitals i clíniques,651,65103008000000,430941.07199062203,4583201.928054113,41.39739039003384,2.1738843697937855
﻿92086029434,Clínica Geriàtrica Solàrium,,,1989-02-16T00:00:00+01:00,2022-09-17T04:39:37.412498+02:00,,336500,C Ticià,21,,28,Vallcarca i els Penitents,6,Gràcia,8035,BARCELONA,TRUE,167688,20001,Telèfons,Tel.,934172007,TRUE,,61731068,Hospitals i clíniques,Planol BCN >> Sanitat >> Hospitals i Centres d'Atenció Primària >> Hospitals i clíniques,651,65103008000000,427968.56239553913,4585441.471595675,41.41730024131076,2.138063025938122
﻿99400429814,Hospital de Dia Còrsega,,,2016-03-23T14:24:06+01:00,2022-09-17T08:38:16.409321+02:00,,90604,Ptge Còrsega,20,,64,el Camp de l'Arpa del Clot,10,Sant Martí,8026,BARCELONA,TRUE,228444,20001,Telèfons,Tel.,934592492,TRUE,,61731068,Hospitals i clíniques,Planol BCN >> Sanitat >> Hospitals i Centres d'Atenció Primària >> Hospitals i clíniques,651,65103008000000,431353.41768427094,4584670.408816694,41.41065182999176,2.17865001498802
﻿93077174822,Centre d'Atenció Primària Sanllehy,,,1993-03-18T00:00:00+01:00,2023-05-30T22:02:16.448407+02:00,,365702,Av Mare Déu de Montserrat,16,,30,la Salut,6,Gràcia,8024,BARCELONA,TRUE,173441,20003,Telèfons,Centraleta,932853794,TRUE,,61731069,CAPs,Planol BCN >> Sanitat >> Hospitals i Centres d'Atenció Primària >> CAPs,651,65103008000001,429885.0548805409,4584985.514443291,41.41336311768161,2.161046463543104
﻿93007080747,Centre d'Atenció Primària Doctor Lluís Sayé,,,1993-01-07T00:00:00+01:00,2023-05-30T22:02:25.266134+02:00,,341602,C Torres i Amat,8,,1,el Raval,1,Ciutat Vella,8001,BARCELONA,TRUE,173420,20003,Telèfons,Centraleta,933012705,TRUE,,61731069,CAPs,Planol BCN >> Sanitat >> Hospitals i Centres d'Atenció Primària >> CAPs,651,65103008000001,430198.95950103924,4581759.622974072,41.38433595216771,2.165173981341848
﻿99400486709,Centre d'Atenció Primària  Vila de Gràcia-Cibeles,,,2017-03-17T13:21:54+01:00,2023-05-30T22:02:19.183342+02:00,,90502,C Còrsega,363,,31,la Vila de Gràcia,6,Gràcia,8037,BARCELONA,TRUE,229540,20001,Telèfons,Tel.,934590930,TRUE,,61731069,CAPs,Planol BCN >> Sanitat >> Hospitals i Centres d'Atenció Primària >> CAPs,651,65103008000001,429948.5726026792,4583356.655340697,41.39869811526309,2.1619949302029338
﻿99400152294,Centre d'Atenció Primària San Rafael,,,2006-01-23T18:06:50+01:00,2023-05-30T22:02:25.805829+02:00,,352507,Pg Vall d'Hebron,107,,40,Montbau,7,Horta-Guinardó,8035,BARCELONA,TRUE,215158,20003,Telèfons,Centraleta,934289541,TRUE,,61731069,CAPs,Planol BCN >> Sanitat >> Hospitals i Centres d'Atenció Primària >> CAPs,651,65103008000001,428175.7051720719,4586435.360952866,41.426270308404874,2.1404234125837025
﻿93056132443,Centre d'Atenció Primària Montnegre,,,1993-02-25T00:00:00+01:00,2022-11-08T12:52:07.753293+01:00,,219100,C Montnegre,21,,19,les Corts,4,Les Corts,8029,BARCELONA,TRUE,173385,20003,Telèfons,Centraleta,933632965,TRUE,,61731069,CAPs,Planol BCN >> Sanitat >> Hospitals i Centres d'Atenció Primària >> CAPs,651,65103008000001,427992.3718695025,4582145.613744661,41.38761794394156,2.1387399569666004
﻿97295140940,Centre d'Atenció Primària Passeig Maragall,,,1997-10-22T00:00:00+02:00,2023-05-30T22:02:17.706870+02:00,,194406,Pg Maragall,52,,64,el Camp de l'Arpa del Clot,10,Sant Martí,8041,BARCELONA,TRUE,198734,20003,Telèfons,Centraleta,934462950,TRUE,Planta baixa,61731069,CAPs,Planol BCN >> Sanitat >> Hospitals i Centres d'Atenció Primària >> CAPs,651,65103008000001,431533.3178223392,4585233.813360256,41.41574157238099,2.1807385337123146
﻿99400104784,Hospital  Sociosanitari Mutuam Güell,,,2005-02-07T17:41:51+01:00,2022-09-17T06:22:28.297064+02:00,,366002,C Mare de Déu de la Salut,49,,30,la Salut,6,Gràcia,8024,BARCELONA,TRUE,212381,20001,Telèfons,Tel.,932133466,TRUE,,61731068,Hospitals i clíniques,Planol BCN >> Sanitat >> Hospitals i Centres d'Atenció Primària >> Hospitals i clíniques,651,65103008000000,429522.0394499282,4584776.089409667,41.411445154741465,2.1567276831754065
﻿94250133615,Centre d'Atenció Primària Carles I,,,1994-09-07T00:00:00+02:00,2023-05-30T14:39:44.597112+02:00,,197302,C Marina,168,,5,el Fort Pienc,2,Eixample,8013,BARCELONA,TRUE,177219,20003,Telèfons,Centraleta,932317705,TRUE,,61731069,CAPs,Planol BCN >> Sanitat >> Hospitals i Centres d'Atenció Primària >> CAPs,651,65103008000001,431643.48013687687,4583341.325837066,41.398705920165796,2.1822703458787163
﻿93029144057,Hospital Fremap - Centre de Prevenció i Rehabilitació,,,1993-01-29T00:00:00+01:00,2022-09-17T05:00:12.205411+02:00,,187105,Madrazo,8,,27,el Putxet i el Farró,5,Sarrià-Sant Gervasi,8006,BARCELONA,TRUE,173228,20003,Telèfons,Centraleta,934169100,TRUE,,61731068,Hospitals i clíniques,Planol BCN >> Sanitat >> Hospitals i Centres d'Atenció Primària >> Hospitals i clíniques,651,65103008000000,428987.7848715214,4583673.204052784,41.4014648721249,2.1504653774644473
﻿92086012522,Centre d'Atenció Primària Drassanes,,,1988-03-21T00:00:00+01:00,2023-05-30T22:02:27.407684+02:00,,140203,Av Drassanes,17,,1,el Raval,1,Ciutat Vella,8001,BARCELONA,TRUE,164270,20001,Telèfons,Tel.,933293912,TRUE,,61731069,CAPs,Planol BCN >> Sanitat >> Hospitals i Centres d'Atenció Primària >> CAPs,651,65103008000001,430878.78607109655,4580888.6516147,41.37655006963406,2.1734032878024605
﻿92086018484,Centre d'Atenció Primària Sant Martí,,,1988-03-21T00:00:00+01:00,2023-05-30T22:02:24.396004+02:00,,128106,C Fluvià,211,,72,Sant Martí de Provençals,10,Sant Martí,8020,BARCELONA,TRUE,166355,20003,Telèfons,Centraleta,933070812,TRUE,,61731069,CAPs,Planol BCN >> Sanitat >> Hospitals i Centres d'Atenció Primària >> CAPs,651,65103008000001,432919.182401399,4585045.872470128,41.41416572459713,2.1973408314822507
﻿92086018484,Centre d'Atenció Primària Sant Martí,,,1988-03-21T00:00:00+01:00,2023-05-30T22:02:24.396004+02:00,,128106,C Fluvià,211,,72,Sant Martí de Provençals,10,Sant Martí,8020,BARCELONA,TRUE,166355,20003,Telèfons,Centraleta,933070812,TRUE,,61731070,Centres urgències (CUAPs),Planol BCN >> Sanitat >> Hospitals i Centres d'Atenció Primària >> Centres urgències (CUAPs),651,65103008000002,432919.182401399,4585045.872470128,41.41416572459713,2.1973408314822507
﻿92086005111,Centre d'Atenció Primària La Sagrera,,,1984-05-30T00:00:00+02:00,2023-05-30T22:02:19.543293+02:00,,140407,C Garcilaso,1,,61,la Sagrera,9,Sant Andreu,8027,BARCELONA,TRUE,160786,20003,Telèfons,Centraleta,932432527,TRUE,,61731069,CAPs,Planol BCN >> Sanitat >> Hospitals i Centres d'Atenció Primària >> CAPs,651,65103008000001,432344.02680181846,4585968.19636492,41.42242458814997,2.1903562660708573
﻿99400254536,Centre d'Atenció Primaria,99400254520,Centre Integral de Salut Cotxeres,2010-09-08T00:00:00+02:00,2023-05-30T22:02:26.707175+02:00,,45701,Av Quinze,18,,44,Vilapicina i la Torre Llobeta,8,Nou Barris,8016,BARCELONA,TRUE,223522,20001,Telèfons,Tel.,932438989,TRUE,,61731069,CAPs,Planol BCN >> Sanitat >> Hospitals i Centres d'Atenció Primària >> CAPs,651,65103008000001,431161.9091881149,4586412.633795086,41.42632706053321,2.1761605774773924
﻿99400254536,Centre d'Atenció Primaria,99400254520,Centre Integral de Salut Cotxeres,2010-09-08T00:00:00+02:00,2023-05-30T22:02:26.707175+02:00,,45701,Av Quinze,18,,44,Vilapicina i la Torre Llobeta,8,Nou Barris,8016,BARCELONA,TRUE,223522,20001,Telèfons,Tel.,932438989,TRUE,,61731070,Centres urgències (CUAPs),Planol BCN >> Sanitat >> Hospitals i Centres d'Atenció Primària >> Centres urgències (CUAPs),651,65103008000002,431161.9091881149,4586412.633795086,41.42632706053321,2.1761605774773924
﻿92086005523,Vall d'Hebron Barcelona Hospital Campus,,,1984-05-30T00:00:00+02:00,2023-02-22T15:26:36.244892+01:00,,352507,Pg Vall d'Hebron,119,,40,Montbau,7,Horta-Guinardó,8035,BARCELONA,TRUE,162359,20001,Telèfons,Tel.,934893000,TRUE,,61731068,Hospitals i clíniques,Planol BCN >> Sanitat >> Hospitals i Centres d'Atenció Primària >> Hospitals i clíniques,651,65103008000000,428430.55465668254,4586630.37210656,41.42804943371883,2.1434499797388105
﻿99281083228,Comunitat Terapèutica Clínica Llúria,,,1999-10-08T00:00:00+02:00,2023-02-01T16:52:16.462830+01:00,,208409,Ptge Mercader,14,,7,la Dreta de l'Eixample,2,Eixample,8008,BARCELONA,TRUE,203887,20001,Telèfons,Tel.,934882142,TRUE,,61731068,Hospitals i clíniques,Planol BCN >> Sanitat >> Hospitals i Centres d'Atenció Primària >> Hospitals i clíniques,651,65103008000000,429761.33256530686,4582670.204998331,41.392499164848324,2.15983488479965
﻿92086002636,Hospital  Universitari del Sagrat Cor,,,1988-03-18T00:00:00+01:00,2022-09-17T03:51:45.457950+02:00,,361406,C Viladomat,288,,9,la Nova Esquerra de l'Eixample,2,Eixample,8029,BARCELONA,TRUE,160246,20003,Telèfons,Centraleta,933221111,TRUE,,61731068,Hospitals i clíniques,Planol BCN >> Sanitat >> Hospitals i Centres d'Atenció Primària >> Hospitals i clíniques,651,65103008000000,428554.27238108043,4582271.07063971,41.38879799075201,2.1454451514293984
﻿98349142312,Centre de Dia Serveis Geriàtrics de Barcelona *Av Meridiana,,,1998-12-15T00:00:00+01:00,2022-09-17T05:45:27.733236+02:00,,209900,Av Meridiana,328,,61,la Sagrera,9,Sant Andreu,8027,BARCELONA,TRUE,202192,20001,Telèfons,Tel.,935111422,TRUE,,61731068,Hospitals i clíniques,Planol BCN >> Sanitat >> Hospitals i Centres d'Atenció Primària >> Hospitals i clíniques,651,65103008000000,432077.12032479304,4586307.359005979,41.425456792041395,2.187124388138771
﻿98349142312,Centre de Dia Serveis Geriàtrics de Barcelona *Av Meridiana,,,1998-12-15T00:00:00+01:00,2022-09-17T05:45:27.733236+02:00,,209900,Av Meridiana,328,,61,la Sagrera,9,Sant Andreu,8027,BARCELONA,TRUE,202192,20001,Telèfons,Tel.,935111422,TRUE,,62731070,Centres de dia gent gran,Planol BCN >> Serveis socials >> Serveis socials >> Centres de dia gent gran,651,65103009000002,432077.12032479304,4586307.359005979,41.425456792041395,2.187124388138771
﻿99400033989,Centre d'Atenció Primària Pare Claret,,,2003-02-17T12:13:45+01:00,2023-05-30T22:02:25.625615+02:00,,297001,C Sant Antoni Maria Claret,19,,32,el Camp d'en Grassot i Gràcia Nova,6,Gràcia,8037,BARCELONA,TRUE,205721,20003,Telèfons,Centraleta,932082570,TRUE,,61731069,CAPs,Planol BCN >> Sanitat >> Hospitals i Centres d'Atenció Primària >> CAPs,651,65103008000001,430173.24129507213,4583957.078531049,41.404125458215425,2.1646130465696833
﻿92086029435,Hospital Mare de Déu de la Mercè,,,1989-02-16T00:00:00+01:00,2022-09-17T04:39:37.423333+02:00,,349105,Pg Universal,34,,43,Horta,7,Horta-Guinardó,8042,BARCELONA,TRUE,167689,20003,Telèfons,Centraleta,934275250,TRUE,,61731068,Hospitals i clíniques,Planol BCN >> Sanitat >> Hospitals i Centres d'Atenció Primària >> Hospitals i clíniques,651,65103008000000,429990.3192925188,4587706.214951178,41.43787657189986,2.161990838601969
﻿99400063728,Centre d'Atenció Primària Sagrada Família,,,2003-10-22T13:51:20+02:00,2023-05-30T22:02:27.984397+02:00,,90502,C Còrsega,643,,6,la Sagrada Família,2,Eixample,8025,BARCELONA,TRUE,207369,20003,Telèfons,Centraleta,935072700,TRUE,,61731069,CAPs,Planol BCN >> Sanitat >> Hospitals i Centres d'Atenció Primària >> CAPs,651,65103008000001,431190.08028070786,4584621.637259045,41.41019859412112,2.1767014377053013
﻿93028143303,Centre d'Urgències d'Atenció Primària Hospital Dos de Maig,99400311628,Hospital Dos de Maig,1993-01-28T00:00:00+01:00,2023-02-22T14:18:10.089714+01:00,,105304,C Dos de Maig,301,,6,la Sagrada Família,2,Eixample,8025,BARCELONA,TRUE,173221,20003,Telèfons,Centraleta,935072700,TRUE,,61731070,Centres urgències (CUAPs),Planol BCN >> Sanitat >> Hospitals i Centres d'Atenció Primària >> Centres urgències (CUAPs),651,65103008000002,431186.0003142438,4584651.439967628,41.410466667783425,2.176649237190462
﻿99400101767,Centre d'Atenció Primària Larrard,,,2004-12-23T12:59:30+01:00,2023-05-30T22:02:20.098872+02:00,,176608,Carrer de Larrard,1,3,30,la Salut,6,Gràcia,8024,Barcelona,FALSE,212309,20001,Telèfons,Tel.,932857600,TRUE,,61731069,CAPs,Planol BCN >> Sanitat >> Hospitals i Centres d'Atenció Primària >> CAPs,651,65103008000001,429463.255,4584687.677,41.4106437013522,2.156034704147506
﻿99400101767,Centre d'Atenció Primària Larrard,,,2004-12-23T12:59:30+01:00,2023-05-30T22:02:20.098872+02:00,,176608,Carrer de Larrard,1,3,30,la Salut,6,Gràcia,8024,Barcelona,FALSE,212309,20001,Telèfons,Tel.,932857600,TRUE,,61731070,Centres urgències (CUAPs),Planol BCN >> Sanitat >> Hospitals i Centres d'Atenció Primària >> Centres urgències (CUAPs),651,65103008000002,429463.255,4584687.677,41.4106437013522,2.156034704147506
﻿94354121938,Centre d'Atenció Primària Les Corts,,,1994-12-20T00:00:00+01:00,2023-05-30T22:02:19.915276+02:00,,207202,Mejía Lequerica,1,,20,la Maternitat i Sant Ramon,4,Les Corts,8028,BARCELONA,TRUE,181093,20001,Telèfons,Tel.,932275590,TRUE,,61731069,CAPs,Planol BCN >> Sanitat >> Hospitals i Centres d'Atenció Primària >> CAPs,651,65103008000001,426735.41315159405,4581850.519354187,41.384846652460126,2.1237432372725378
﻿92086002898,Hospital El Pilar - Institut Cardiovascular Sant Jordi,,,1985-04-25T00:00:00+02:00,2022-09-17T03:52:23.259292+02:00,,32700,C Balmes,271,,26,Sant Gervasi - Galvany,5,Sarrià-Sant Gervasi,8006,BARCELONA,TRUE,160283,20003,Telèfons,Centraleta,932360500,TRUE,24 hores,61731068,Hospitals i clíniques,Planol BCN >> Sanitat >> Hospitals i Centres d'Atenció Primària >> Hospitals i clíniques,651,65103008000000,428822.42250146344,4583562.876094094,41.40045656868413,2.1485002924408882
﻿92086001793,Centre d'Atenció Primària Ramon Turró,,,1984-05-30T00:00:00+02:00,2023-05-30T22:02:17.517585+02:00,,110009,C Ramon Turró,337,,69,Diagonal Mar i el Front Marítim del Poblenou,10,Sant Martí,8019,BARCELONA,TRUE,159986,20003,Telèfons,Centraleta,934465700,TRUE,,61731069,CAPs,Planol BCN >> Sanitat >> Hospitals i Centres d'Atenció Primària >> CAPs,651,65103008000001,434071.49038278667,4584165.815277741,41.40633463591839,2.211223456711735
﻿92086001802,Centre d'Atenció Primària Poblenou,,,1988-03-21T00:00:00+01:00,2023-05-30T22:02:20.282809+02:00,,180401,C Lope de Vega,138,,68,el Poblenou,10,Sant Martí,8005,BARCELONA,TRUE,160052,20003,Telèfons,Centraleta,934337709,TRUE,,61731069,CAPs,Planol BCN >> Sanitat >> Hospitals i Centres d'Atenció Primària >> CAPs,651,65103008000001,433331.45058300486,4584109.477682092,41.40576618443375,2.20237655703193
﻿99400012795,Centre d'Atenció Primària Turó,,,2002-07-17T11:52:41+02:00,2023-05-30T22:02:16.643113+02:00,,54000,C Cadí,58,,46,el Turó de la Peira,8,Nou Barris,8031,BARCELONA,TRUE,204559,20003,Telèfons,Centraleta,934074055,TRUE,,61731069,CAPs,Planol BCN >> Sanitat >> Hospitals i Centres d'Atenció Primària >> CAPs,651,65103008000001,430702.6954907335,4587167.057350281,41.433082383490444,2.1705788750932693
﻿99400110414,Centre d'Atenció Primària Vallcarca-Sant Gervasi,,,2005-05-10T11:57:39+02:00,2023-05-30T22:02:18.824500+02:00,,158107,Av Vallcarca,169,,28,Vallcarca i els Penitents,6,Gràcia,8023,BARCELONA,TRUE,212191,20001,Telèfons,Tel.,932594411,TRUE,,61731069,CAPs,Planol BCN >> Sanitat >> Hospitals i Centres d'Atenció Primària >> CAPs,651,65103008000001,428285.93034956243,4585273.458300924,41.41581540340154,2.141880198393869
﻿92086003435,Hospital de la Santa Creu i Sant Pau,,,1988-03-18T00:00:00+01:00,2023-08-07T09:54:47.036987+02:00,,310008,C Sant Quintí,89,,35,el Guinardó,7,Horta-Guinardó,8041,BARCELONA,TRUE,160485,20003,Telèfons,Centraleta,932919000,TRUE,,61731068,Hospitals i clíniques,Planol BCN >> Sanitat >> Hospitals i Centres d'Atenció Primària >> Hospitals i clíniques,651,65103008000000,430966.4933325924,4585205.834517813,41.415441083959905,2.1739598683555683
﻿349141404,Centre d'Atenció Primària Gòtic,,,2000-12-14T00:00:00+01:00,2023-05-30T22:02:29.644926+02:00,,248006,Ptge Pau,1,,2,el Barri Gòtic,1,Ciutat Vella,8002,BARCELONA,TRUE,130375,20003,Telèfons,Centraleta,933436140,TRUE,,61731069,CAPs,Planol BCN >> Sanitat >> Hospitals i Centres d'Atenció Primària >> CAPs,651,65103008000001,431184.1250511255,4581137.177251075,41.37881463871673,2.1770261515014084
﻿99400280578,Clínica Dermatològica Dermik,,,2011-10-19T12:27:09+02:00,2022-09-17T07:42:32.701462+02:00,,113007,C Escoles Pies,7,,26,Sant Gervasi - Galvany,5,Sarrià-Sant Gervasi,8017,BARCELONA,TRUE,224735,20001,Telèfons,Tel.,935464710,TRUE,,61731068,Hospitals i clíniques,Planol BCN >> Sanitat >> Hospitals i Centres d'Atenció Primària >> Hospitals i clíniques,651,65103008000000,427792.36264321534,4582939.732954133,41.39475232863729,2.1362532994975023
﻿75990058292,Clínica Serveis Clinics S.A.U,,,1996-09-18T00:00:00+02:00,2023-10-03T10:43:58.109939+02:00,,140101,García Mariño,4,,25,Sant Gervasi - la Bonanova,5,Sarrià-Sant Gervasi,8022,BARCELONA,TRUE,138274,20001,Telèfons,Tel.,934174602,TRUE,,61731068,Hospitals i clíniques,Planol BCN >> Sanitat >> Hospitals i Centres d'Atenció Primària >> Hospitals i clíniques,651,65103008000000,427798.76115807274,4584911.360727355,41.41251052614851,2.1360946530043035
﻿92086002931,Centre d'Atenció Primària Adrià,,,1984-05-30T00:00:00+02:00,2021-05-12T10:36:36.540400+02:00,,353500,C Vallmajor,34,,26,Sant Gervasi - Galvany,5,Sarrià-Sant Gervasi,8021,BARCELONA,TRUE,159966,20003,Telèfons,Centraleta,933621125,TRUE,,61731069,CAPs,Planol BCN >> Sanitat >> Hospitals i Centres d'Atenció Primària >> CAPs,651,65103008000001,428011.59237784205,4583570.53384777,41.40045335150616,2.138800439931985
﻿92086002048,Hospital Casa de la Maternitat,,,1984-05-30T00:00:00+02:00,2022-09-17T03:50:04.847631+02:00,,285002,C Sabino Arana,1,,20,la Maternitat i Sant Ramon,4,Les Corts,8028,BARCELONA,TRUE,159931,20003,Telèfons,Centraleta,932275600,TRUE,,61731068,Hospitals i clíniques,Planol BCN >> Sanitat >> Hospitals i Centres d'Atenció Primària >> Hospitals i clíniques,651,65103008000000,426982.5567344822,4581917.915749968,41.385476133494954,2.1266906636468885
﻿92168172529,Centre d'Urgències d'Atenció Primària  Ciutat Vella - Peracamps,,,1988-03-18T00:00:00+01:00,2023-02-22T14:10:22.100643+01:00,,701212,Pl Pieyre de Mandiargues,1,,1,el Raval,1,Ciutat Vella,8001,BARCELONA,TRUE,172826,20003,Telèfons,Centraleta,934410600,TRUE,,61731070,Centres urgències (CUAPs),Planol BCN >> Sanitat >> Hospitals i Centres d'Atenció Primària >> Centres urgències (CUAPs),651,65103008000002,430765.3201506388,4581004.316462425,41.37758207454153,2.1720333118356927
﻿92086002370,Centre d'Atenció Primària Sants,,,1984-05-30T00:00:00+02:00,2022-11-08T12:53:37.082575+01:00,,700952,Ptge Vapor Vell,6,,18,Sants,3,Sants-Montjuïc,8028,BARCELONA,TRUE,160161,20003,Telèfons,Centraleta,934915257,TRUE,,61731069,CAPs,Planol BCN >> Sanitat >> Hospitals i Centres d'Atenció Primària >> CAPs,651,65103008000001,427673.71022529155,4580943.919404631,41.376766162099585,2.1350723954187125
﻿92086002201,Centre d'Atenció Primària Sarrià,,,1985-06-10T00:00:00+02:00,2022-11-08T12:54:05.658803+01:00,,28000,Via Augusta,366,,23,Sarrià,5,Sarrià-Sant Gervasi,8017,BARCELONA,TRUE,160139,20001,Telèfons,Tel.,932042288,TRUE,,61731069,CAPs,Planol BCN >> Sanitat >> Hospitals i Centres d'Atenció Primària >> CAPs,651,65103008000001,426569.1113530393,4583753.07475727,41.40196697142778,2.121523780191905
﻿99400323849,Servei d'Urgències Pediàtriques,99400336025,Centre d'Atenció Pediàtrica Integral Barcelona Esquerra,2013-08-16T00:00:00+02:00,2021-05-12T09:48:00.444751+02:00,,231502,C Numància,9,,18,Sants,3,Sants-Montjuïc,8029,BARCELONA,TRUE,225569,20001,Telèfons,Tel.,934445444,TRUE,,61731070,Centres urgències (CUAPs),Planol BCN >> Sanitat >> Hospitals i Centres d'Atenció Primària >> Centres urgències (CUAPs),651,65103008000002,428178.1622107764,4581456.107512931,41.381424432438784,2.141043629243917
﻿92086003274,Hospital de l'Esperança,,,1989-08-10T00:00:00+02:00,2023-02-23T13:37:40.772318+01:00,,320205,Av Santuari S Josep Muntany,12,,30,la Salut,6,Gràcia,8024,BARCELONA,TRUE,160385,20003,Telèfons,Centraleta,933674100,TRUE,,61731068,Hospitals i clíniques,Planol BCN >> Sanitat >> Hospitals i Centres d'Atenció Primària >> Hospitals i clíniques,651,65103008000000,429360.9620344993,4584680.222310777,41.41056757619079,2.154811776742894
﻿75990353777,Nou Hospital Evangèlic,,,1996-09-18T00:00:00+02:00,2023-10-09T14:00:43.968560+02:00,,56504,C Camèlies,15,,30,la Salut,6,Gràcia,8024,BARCELONA,TRUE,151893,20006,Telèfons,Informació,932859955,TRUE,i petició d'hora,61731068,Hospitals i clíniques,Planol BCN >> Sanitat >> Hospitals i Centres d'Atenció Primària >> Hospitals i clíniques,651,65103008000000,429704.79168325686,4584736.353835115,41.41110327599354,2.1589187127071603
﻿1211130747,Centre d'Atenció Primària Besòs,,,2001-07-30T00:00:00+02:00,2023-05-30T22:02:29.113312+02:00,,8705,C Alfons el Magnànim,57,,70,el Besòs i el Maresme,10,Sant Martí,8019,BARCELONA,TRUE,131883,20003,Telèfons,Centraleta,932788235,TRUE,,61731069,CAPs,Planol BCN >> Sanitat >> Hospitals i Centres d'Atenció Primària >> CAPs,651,65103008000001,434433.6726690052,4585168.876567869,41.415398578781094,2.2154475663274287
﻿75990694006,Medicina Estètica Balmes,,,2001-03-03T00:00:00+01:00,2023-10-03T10:14:55.362622+02:00,,32700,C Balmes,89,,8,l'Antiga Esquerra de l'Eixample,2,Eixample,8008,BARCELONA,TRUE,158222,20001,Telèfons,Tel.,933232520,TRUE,,61731068,Hospitals i clíniques,Planol BCN >> Sanitat >> Hospitals i Centres d'Atenció Primària >> Hospitals i clíniques,651,65103008000000,429760.23360318365,4582539.918269237,41.391325621433246,2.1598368504335133
﻿92086005755,Centre d'Atenció Primària Guineueta,,,1988-03-21T00:00:00+01:00,2021-05-12T13:27:57.783433+02:00,,351901,Pg Valldaura,135,,48,la Guineueta,8,Nou Barris,8042,BARCELONA,TRUE,161726,20003,Telèfons,Centraleta,932749534,TRUE,,61731069,CAPs,Planol BCN >> Sanitat >> Hospitals i Centres d'Atenció Primària >> CAPs,651,65103008000001,430330.55095362244,4587886.86726167,41.43953322554174,2.1660421341481015
﻿92086005453,Clínica Sant Honorat,,,1985-04-25T00:00:00+02:00,2022-09-17T03:59:33.118813+02:00,,101008,Av Tibidabo,20,,25,Sant Gervasi - la Bonanova,5,Sarrià-Sant Gervasi,8022,BARCELONA,TRUE,162346,20001,Telèfons,Tel.,932127000,TRUE,,61731068,Hospitals i clíniques,Planol BCN >> Sanitat >> Hospitals i Centres d'Atenció Primària >> Hospitals i clíniques,651,65103008000000,427776.1583856994,4584873.56409103,41.41216807741864,2.135828746667937
﻿92086004412,Centre d'Atenció Primària Roger de Flor,,,1984-05-30T00:00:00+02:00,2023-05-30T22:02:18.440203+02:00,,286504,C Roger de Flor,194,,7,la Dreta de l'Eixample,2,Eixample,8013,BARCELONA,TRUE,160971,20001,Telèfons,Tel.,935070390,TRUE,,61731069,CAPs,Planol BCN >> Sanitat >> Hospitals i Centres d'Atenció Primària >> CAPs,651,65103008000001,430847.65686383354,4583369.91439641,41.398895360158804,2.1727478193275487
﻿75990265000,Policlínica Barcelona,,,1996-09-18T00:00:00+02:00,2023-10-03T10:41:07.388707+02:00,,152508,Guillem Tell,4,,27,el Putxet i el Farró,5,Sarrià-Sant Gervasi,8006,BARCELONA,TRUE,149435,20001,Telèfons,Tel.,934161616,TRUE,,61731068,Hospitals i clíniques,Planol BCN >> Sanitat >> Hospitals i Centres d'Atenció Primària >> Hospitals i clíniques,651,65103008000000,428919.1044955881,4583877.797042982,41.403301493154544,2.149619802114201
﻿92086004861,Centre d'Atenció Primària Sant Andreu,,,1988-03-21T00:00:00+01:00,2023-05-30T22:02:24.574386+02:00,,209900,Avinguda Meridiana,426,428,60,Sant Andreu,9,Sant Andreu,8030,Barcelona,TRUE,160627,20003,Telèfons,Centraleta,932745490,TRUE,,61731069,CAPs,Planol BCN >> Sanitat >> Hospitals i Centres d'Atenció Primària >> CAPs,651,65103008000001,431792.115,4587167.459,41.433179262845684,2.1836168375384517
﻿99400004237,Institut Oftalmologia Gabriel Simón,,,2002-06-01T11:17:20+02:00,2023-10-03T10:36:49.342979+02:00,,212508,C Minerva,7,,31,la Vila de Gràcia,6,Gràcia,8006,BARCELONA,TRUE,205290,20001,Telèfons,Tel.,932387122,TRUE,,61731068,Hospitals i clíniques,Planol BCN >> Sanitat >> Hospitals i Centres d'Atenció Primària >> Hospitals i clíniques,651,65103008000000,429483.1061765301,4583112.922621457,41.39646221745103,2.156455652254697
﻿75990066742,Hospital Delfos,,,1996-09-18T00:00:00+02:00,2023-10-03T10:43:41.082367+02:00,,158107,Av Vallcarca,151,,28,Vallcarca i els Penitents,6,Gràcia,8023,BARCELONA,TRUE,139669,20001,Telèfons,Tel.,932545000,TRUE,,61731068,Hospitals i clíniques,Planol BCN >> Sanitat >> Hospitals i Centres d'Atenció Primària >> Hospitals i clíniques,651,65103008000000,428347.0087985784,4585075.466244034,41.41403762096002,2.142634426054252
﻿95304170710,Centre d'Atenció Primària Vila Olímpica,,,1995-10-31T00:00:00+01:00,2023-05-30T22:02:21.575074+02:00,,700661,C Joan Miró,17,,67,la Vila Olímpica del Poblenou,10,Sant Martí,8005,BARCELONA,TRUE,189020,20003,Telèfons,Centraleta,932213785,TRUE,,61731069,CAPs,Planol BCN >> Sanitat >> Hospitals i Centres d'Atenció Primària >> CAPs,651,65103008000001,432676.762281871,4582415.633075144,41.390455634154854,2.1947329373295883
﻿92086030764,Centre d'Atenció Primària Doctor Carles Ribas,,,1989-09-25T00:00:00+01:00,2023-05-30T22:02:29.278468+02:00,,135203,C Foc,112,,13,la Marina de Port,3,Sants-Montjuïc,8038,BARCELONA,TRUE,168094,20003,Telèfons,Centraleta,932232888,TRUE,,61731069,CAPs,Planol BCN >> Sanitat >> Hospitals i Centres d'Atenció Primària >> CAPs,651,65103008000001,428426.81434032274,4578885.494664323,41.35829397580574,2.1443205163413563
﻿92086013391,Centre d'Atenció Primària Bon Pastor,,,1985-06-12T00:00:00+02:00,2023-05-30T22:02:26.881897+02:00,,214900,Pg Mollerussa,67,,59,el Bon Pastor,9,Sant Andreu,8030,BARCELONA,TRUE,164383,20003,Telèfons,Centraleta,933458791,TRUE,,61731069,CAPs,Planol BCN >> Sanitat >> Hospitals i Centres d'Atenció Primària >> CAPs,651,65103008000001,433686.07741256023,4587792.342856541,41.43896601648905,2.206215066880394
﻿97316142106,Centre d'Atenció Primària Casc Antic,,,1997-11-12T00:00:00+01:00,2023-05-30T22:02:23.159302+02:00,,277004,C Rec Comtal,24,,4,"Sant Pere, Santa Caterina i la Ribera",1,Ciutat Vella,8003,BARCELONA,TRUE,199678,20003,Telèfons,Centraleta,933101421,TRUE,,61731069,CAPs,Planol BCN >> Sanitat >> Hospitals i Centres d'Atenció Primària >> CAPs,651,65103008000001,431484.7378683012,4582413.263858823,41.390333637003735,2.180476543991248
﻿334115716,Centre d'Atenció Primària Roquetes,,,2000-11-29T00:00:00+01:00,2023-05-30T22:02:14.785991+02:00,,140804,C Garigliano,23,,50,les Roquetes,8,Nou Barris,8042,BARCELONA,TRUE,131108,20003,Telèfons,Centraleta,932768068,TRUE,,61731069,CAPs,Planol BCN >> Sanitat >> Hospitals i Centres d'Atenció Primària >> CAPs,651,65103008000001,430996.2143447756,4588617.8172789,41.44617408664394,2.173925972696374
﻿98197131812,Centre d'Atenció Primària Bordeta - Magòria,,,1998-07-16T00:00:00+02:00,2023-05-30T22:02:24.914691+02:00,,91709,C Corral,41,,16,la Bordeta,3,Sants-Montjuïc,8014,BARCELONA,TRUE,200860,20003,Telèfons,Centraleta,934316570,TRUE,,61731069,CAPs,Planol BCN >> Sanitat >> Hospitals i Centres d'Atenció Primària >> CAPs,651,65103008000001,428183.5454323506,4580173.101038462,41.36986934117719,2.14126001076402
﻿92086002847,Centre d'Oftalmologia Barraquer,,,1988-04-15T00:00:00+02:00,2022-09-17T03:52:17.348996+02:00,,175900,C Laforja,88,,26,Sant Gervasi - Galvany,5,Sarrià-Sant Gervasi,8021,BARCELONA,TRUE,160277,20003,Telèfons,Centraleta,932095311,TRUE,,61731068,Hospitals i clíniques,Planol BCN >> Sanitat >> Hospitals i Centres d'Atenció Primària >> Hospitals i clíniques,651,65103008000000,428633.13441252185,4583223.663362895,41.397384632567665,2.1462760581798173
﻿75990127413,Residència Sociosanitaria Assistida Psicoclínica Mare de Déu de la Mercè,,,1996-09-18T00:00:00+02:00,2023-10-03T10:42:03.367378+02:00,,349105,Pg Universal,34,,43,Horta,7,Horta-Guinardó,8042,BARCELONA,TRUE,143562,20001,Telèfons,Tel.,934275250,TRUE,,61731068,Hospitals i clíniques,Planol BCN >> Sanitat >> Hospitals i Centres d'Atenció Primària >> Hospitals i clíniques,651,65103008000000,429990.3192925188,4587706.214951178,41.43787657189986,2.161990838601969
﻿75990127413,Residència Sociosanitaria Assistida Psicoclínica Mare de Déu de la Mercè,,,1996-09-18T00:00:00+02:00,2023-10-03T10:42:03.367378+02:00,,349105,Pg Universal,34,,43,Horta,7,Horta-Guinardó,8042,BARCELONA,TRUE,143562,20001,Telèfons,Tel.,934275250,TRUE,,62731071,Residències gent gran,Planol BCN >> Serveis socials >> Serveis socials >> Residències gent gran,651,65103009000003,429990.3192925188,4587706.214951178,41.43787657189986,2.161990838601969
﻿75990626730,Clínica Institut Marquès,,,2000-04-01T00:00:00+02:00,2023-10-03T10:37:40.246250+02:00,,144601,Av Diagonal,662,,19,les Corts,4,Les Corts,8034,BARCELONA,TRUE,155904,20001,Telèfons,Tel.,932858216,TRUE,,61731068,Hospitals i clíniques,Planol BCN >> Sanitat >> Hospitals i Centres d'Atenció Primària >> Hospitals i clíniques,651,65103008000000,427166.0568587024,4582342.956642098,41.38932093617982,2.1288340319480503
﻿75990421973,Hospital Quirónsalud Barcelona,,,1997-03-22T00:00:00+01:00,2023-10-03T10:39:20.936697+02:00,,701103,Plaça d'Alfonso Comín,7,7,28,Vallcarca i els Penitents,6,Gràcia,8023,Barcelona,TRUE,153294,20003,Telèfons,Centraleta,932381600,TRUE,,61731068,Hospitals i clíniques,Planol BCN >> Sanitat >> Hospitals i Centres d'Atenció Primària >> Hospitals i clíniques,651,65103008000000,427952.51686190005,4585264.675886431,41.41570648103171,2.1378921010617593
﻿75990683269,Clínica Creu Blanca,,,2001-01-06T00:00:00+01:00,2023-10-03T10:37:04.793412+02:00,,278007,Pg Reina Elisenda Montcada,17,,23,Sarrià,5,Sarrià-Sant Gervasi,8034,BARCELONA,TRUE,157501,20003,Telèfons,Centraleta,932522522,TRUE,,61731068,Hospitals i clíniques,Planol BCN >> Sanitat >> Hospitals i Centres d'Atenció Primària >> Hospitals i clíniques,651,65103008000000,426269.7233563303,4583321.108905321,41.39804905348276,2.1179951229334635
﻿92086000253,Centre d'Atenció Primària Manso,,,1988-03-21T00:00:00+01:00,2023-05-30T22:02:29.836323+02:00,,192502,C Manso,19,,10,Sant Antoni,2,Eixample,8015,BARCELONA,TRUE,158772,20003,Telèfons,Centraleta,935517283,TRUE,,61731069,CAPs,Planol BCN >> Sanitat >> Hospitals i Centres d'Atenció Primària >> CAPs,651,65103008000001,429768.0478714292,4580891.086361985,41.376475824482945,2.160121429667777
﻿92086000253,Centre d'Atenció Primària Manso,,,1988-03-21T00:00:00+01:00,2023-05-30T22:02:29.836323+02:00,,192502,C Manso,19,,10,Sant Antoni,2,Eixample,8015,BARCELONA,TRUE,158772,20003,Telèfons,Centraleta,935517283,TRUE,,61731070,Centres urgències (CUAPs),Planol BCN >> Sanitat >> Hospitals i Centres d'Atenció Primària >> Centres urgències (CUAPs),651,65103008000002,429768.0478714292,4580891.086361985,41.376475824482945,2.160121429667777
﻿92086003532,Hospital Clínic i Provincial,,,1984-05-30T00:00:00+02:00,2023-06-09T14:28:11.001578+02:00,,363809,C Villarroel,170,,8,l'Antiga Esquerra de l'Eixample,2,Eixample,8036,BARCELONA,TRUE,160451,20003,Telèfons,Centraleta,932275400,TRUE,,61731068,Hospitals i clíniques,Planol BCN >> Sanitat >> Hospitals i Centres d'Atenció Primària >> Hospitals i clíniques,651,65103008000000,429119.38187175704,4582349.613992283,41.38955539831457,2.152194463242196
﻿92086002500,Centre d'Atenció Primària Numància,,,1988-03-21T00:00:00+01:00,2023-02-22T13:56:58.692916+01:00,,231502,C Numància,15,,18,Sants,3,Sants-Montjuïc,8029,BARCELONA,TRUE,160180,20003,Telèfons,Centraleta,933227061,TRUE,,61731069,CAPs,Planol BCN >> Sanitat >> Hospitals i Centres d'Atenció Primària >> CAPs,651,65103008000001,428129.16867602523,4581507.963996409,41.38188710932366,2.140451601838126
﻿75990603216,Clínica Bonanova de Cirurgia Ocular,,,1999-07-17T00:00:00+02:00,2023-10-03T10:38:25.957587+02:00,,44709,Pg Bonanova,22,,25,Sant Gervasi - la Bonanova,5,Sarrià-Sant Gervasi,8022,BARCELONA,TRUE,156619,20001,Telèfons,Tel.,934340925,TRUE,Àrea quirúrgica (Pg Bonanova),61731068,Hospitals i clíniques,Planol BCN >> Sanitat >> Hospitals i Centres d'Atenció Primària >> Hospitals i clíniques,651,65103008000000,427355.89262972784,4584121.163337459,41.40535365944363,2.130891065672255
﻿92086002684,Centre d'Atenció Primària Casanova,,,1984-05-30T00:00:00+02:00,2023-05-30T14:42:24.485659+02:00,,289105,C Rosselló,161,,8,l'Antiga Esquerra de l'Eixample,2,Eixample,8036,BARCELONA,TRUE,160255,20003,Telèfons,Centraleta,932279800,TRUE,,61731069,CAPs,Planol BCN >> Sanitat >> Hospitals i Centres d'Atenció Primària >> CAPs,651,65103008000001,429213.29193884914,4582445.334078013,41.39042578488265,2.153306420872568
﻿98084143347,Centre d'Atenció Primària Rio de Janeiro,,,1998-03-25T00:00:00+01:00,2023-05-30T22:02:21.233269+02:00,,282650,Av Rio de Janeiro,83,,52,la Prosperitat,8,Nou Barris,8016,BARCELONA,TRUE,201173,20003,Telèfons,Centraleta,932769900,TRUE,,61731069,CAPs,Planol BCN >> Sanitat >> Hospitals i Centres d'Atenció Primària >> CAPs,651,65103008000001,431662.67802094016,4587919.949211039,41.439945663466254,2.181982656352555
﻿96352172509,Centre Planificació Familiar,75990015449,Centre MEDIC EMECE,1996-12-17T00:00:00+01:00,2023-02-17T14:33:40.957674+01:00,,16907,C Anglí,39,,24,les Tres Torres,5,Sarrià-Sant Gervasi,8017,BARCELONA,TRUE,196172,20007,Telèfons,Cita prèvia,932053544,TRUE,,61731068,Hospitals i clíniques,Planol BCN >> Sanitat >> Hospitals i Centres d'Atenció Primària >> Hospitals i clíniques,651,65103008000000,426851.22963286925,4583657.80174761,41.40113460668127,2.1249099812538774
﻿99400222345,Hospital de Dia d'Adolescents Les Corts - Sarrià - Sant Gervasi,,,2009-03-02T14:42:59+01:00,2022-09-17T07:10:44.335723+02:00,,28000,Via Augusta,364,,23,Sarrià,5,Sarrià-Sant Gervasi,8017,BARCELONA,TRUE,222152,20001,Telèfons,Tel.,933636503,TRUE,,61731068,Hospitals i clíniques,Planol BCN >> Sanitat >> Hospitals i Centres d'Atenció Primària >> Hospitals i clíniques,651,65103008000000,426569.1113530393,4583753.07475727,41.40196697142778,2.121523780191905
﻿75990212123,Clínica Sagrada Família,,,1996-09-18T00:00:00+02:00,2023-10-03T10:40:45.689371+02:00,,339203,C Torras i Pujalt,1,,25,Sant Gervasi - la Bonanova,5,Sarrià-Sant Gervasi,8022,BARCELONA,TRUE,147149,20001,Telèfons,Tel.,932122300,TRUE,,61731068,Hospitals i clíniques,Planol BCN >> Sanitat >> Hospitals i Centres d'Atenció Primària >> Hospitals i clíniques,651,65103008000000,427677.25161963655,4583601.435475036,41.40070166539195,2.1347974560514014
﻿99400593384,Centre d'Urgències d'Atenció Primària,75990364469,Hospital Plató,2018-05-30T00:00:00+02:00,2023-02-22T15:39:23.675522+01:00,,260158,C Plató,21,,26,Sant Gervasi - Galvany,5,Sarrià-Sant Gervasi,8006,BARCELONA,TRUE,231440,20003,Telèfons,Centraleta,933069900,TRUE,,61731070,Centres urgències (CUAPs),Planol BCN >> Sanitat >> Hospitals i Centres d'Atenció Primària >> Centres urgències (CUAPs),651,65103008000002,428315.7564032176,4583661.522024942,41.4013000208271,2.1424279977430216
﻿99400593385,Centre d'Urgències d'Atenció Primària,92086002636,Hospital  Universitari del Sagrat Cor,2018-05-30T00:00:00+02:00,2023-02-22T15:36:27.999340+01:00,,361406,C Viladomat,288,,9,la Nova Esquerra de l'Eixample,2,Eixample,8029,BARCELONA,TRUE,231441,20003,Telèfons,Centraleta,933221111,TRUE,,61731070,Centres urgències (CUAPs),Planol BCN >> Sanitat >> Hospitals i Centres d'Atenció Primària >> Centres urgències (CUAPs),651,65103008000002,428554.27238108043,4582271.07063971,41.38879799075201,2.1454451514293984
﻿99400144720,Hospital de Dia,99400144680,Parc de Salut Mar - Centre Fòrum,2005-10-06T12:50:00+02:00,2022-09-17T06:29:43.902232+02:00,,186703,C Llull,410,,70,el Besòs i el Maresme,10,Sant Martí,8019,BARCELONA,TRUE,215034,20003,Telèfons,Centraleta,933268500,TRUE,,61731068,Hospitals i clíniques,Planol BCN >> Sanitat >> Hospitals i Centres d'Atenció Primària >> Hospitals i clíniques,651,65103008000000,434689.8662366822,4584881.807416163,41.412833880634764,2.2185438389937966
﻿99400591673,Fundación Instituto de Trastornos Alimentarios,,,2018-05-10T12:42:20+02:00,2023-06-20T15:54:09.260034+02:00,,264206,C Avenir,14,,26,Sant Gervasi - Galvany,5,Sarrià-Sant Gervasi,8006,BARCELONA,TRUE,231778,20001,Telèfons,Tel.,932530137,TRUE,,61731068,Hospitals i clíniques,Planol BCN >> Sanitat >> Hospitals i Centres d'Atenció Primària >> Hospitals i clíniques,651,65103008000000,428845.4373573189,4583187.023765041,41.39707344769596,2.148819761970303
﻿75990130956,Hospital Sant Rafael,,,1996-09-18T00:00:00+02:00,2023-10-03T10:41:57.126951+02:00,,352507,Pg Vall d'Hebron,107,,40,Montbau,7,Horta-Guinardó,8035,BARCELONA,TRUE,143525,20003,Telèfons,Centraleta,932112508,TRUE,,61731068,Hospitals i clíniques,Planol BCN >> Sanitat >> Hospitals i Centres d'Atenció Primària >> Hospitals i clíniques,651,65103008000000,428338.7786022073,4586373.517590112,41.42572787631716,2.1423821574736257
﻿75990220296,Clínica Nostra Senyora del Remei,,,1996-09-18T00:00:00+02:00,2023-10-03T10:40:40.204872+02:00,,112004,C Escorial,148,,32,el Camp d'en Grassot i Gràcia Nova,6,Gràcia,8024,BARCELONA,TRUE,146992,20003,Telèfons,Centraleta,932850010,TRUE,,61731068,Hospitals i clíniques,Planol BCN >> Sanitat >> Hospitals i Centres d'Atenció Primària >> Hospitals i clíniques,651,65103008000000,429770.77707950724,4584558.355584366,41.40950588098143,2.159728804474834
﻿99400096422,Centre d'Atenció Primària de la Marina,,,2004-09-27T11:01:07+02:00,2023-05-30T22:02:29.455975+02:00,,369102,C Amnistia Internacional,8,,13,la Marina de Port,3,Sants-Montjuïc,8038,BARCELONA,TRUE,211259,20003,Telèfons,Centraleta,932988850,TRUE,,61731069,CAPs,Planol BCN >> Sanitat >> Hospitals i Centres d'Atenció Primària >> CAPs,651,65103008000001,427759.39574896777,4579282.385645893,41.3618090328203,2.136294923801782
﻿93131085357,Centre d'Atenció Primària Barceloneta,,,1993-05-11T00:00:00+02:00,2023-05-30T22:02:22.970611+02:00,,197903,Passeig Marítim de la Barceloneta - Oriol Bohigas,25,,3,la Barceloneta,1,Ciutat Vella,8003,Barcelona,TRUE,173315,20003,Telèfons,Centraleta,932213783,TRUE,,61731069,CAPs,Planol BCN >> Sanitat >> Hospitals i Centres d'Atenció Primària >> CAPs,651,65103008000001,432665.3945483664,4581636.097679799,41.38343360981442,2.1946836219941206
﻿75990218352,Centre Hospitalari Copèrnic,,,1996-09-18T00:00:00+02:00,2023-10-03T10:40:41.283895+02:00,,90105,C Copèrnic,58,,26,Sant Gervasi - Galvany,5,Sarrià-Sant Gervasi,8006,BARCELONA,TRUE,146891,20003,Telèfons,Centraleta,934141992,TRUE,,61731068,Hospitals i clíniques,Planol BCN >> Sanitat >> Hospitals i Centres d'Atenció Primària >> Hospitals i clíniques,651,65103008000000,428214.2933926655,4583644.340170998,41.40113621820896,2.1412163449618147
﻿99400417756,Cliníca Axisclínic *Comte d'Urgell,,,2016-01-08T12:38:40+01:00,2022-09-21T09:15:30.682177+02:00,,349706,C Comte d'Urgell,168,,8,l'Antiga Esquerra de l'Eixample,2,Eixample,8036,BARCELONA,TRUE,227803,20001,Telèfons,Tel.,934546947,TRUE,,61731068,Hospitals i clíniques,Planol BCN >> Sanitat >> Hospitals i Centres d'Atenció Primària >> Hospitals i clíniques,651,65103008000000,429152.144616148,4582051.211910848,41.38687068385529,2.1526211977409395
﻿92086001558,Centre d'Atenció Primària Passeig Sant Joan,,,1988-03-18T00:00:00+01:00,2023-05-30T22:02:23.663646+02:00,,305100,Pg Sant Joan,20,,5,el Fort Pienc,2,Eixample,8010,BARCELONA,TRUE,160564,20003,Telèfons,Centraleta,932650117,TRUE,,61731069,CAPs,Planol BCN >> Sanitat >> Hospitals i Centres d'Atenció Primària >> CAPs,651,65103008000001,431360.65502096317,4582674.87628119,41.39267932164972,2.178962864832544
﻿68125439,Instituto Oftalmológico Tres Torres,,,2000-03-08T00:00:00+01:00,2022-09-17T02:14:54.995586+02:00,,28000,Via Augusta,281,,24,les Tres Torres,5,Sarrià-Sant Gervasi,8017,BARCELONA,TRUE,129246,20006,Telèfons,Informació,900842848,TRUE,,61731068,Hospitals i clíniques,Planol BCN >> Sanitat >> Hospitals i Centres d'Atenció Primària >> Hospitals i clíniques,651,65103008000000,427267.42467331194,4583268.912630522,41.397669806184155,2.1299351525099426
﻿75990218335,Hospital de Dia,99400474689,Fundació Privada en Salut Mental CPB. Doctor Fàbregas,1996-09-18T00:00:00+02:00,2023-10-03T10:40:41.383992+02:00,,229908,C Mare de Déu del Coll,20,,30,la Salut,6,Gràcia,8023,BARCELONA,TRUE,146889,20001,Telèfons,Tel.,934189193,TRUE,,61731068,Hospitals i clíniques,Planol BCN >> Sanitat >> Hospitals i Centres d'Atenció Primària >> Hospitals i clíniques,651,65103008000000,428944.58211830497,4584492.479054151,41.40883994540256,2.1498524077600574
﻿99400284987,Centre d'Urgències d'Atenció Primària Horta,,,2012-01-18T11:13:24+01:00,2023-05-30T22:02:21.754409+02:00,,301801,C Sant Gaudenci,21,,43,Horta,7,Horta-Guinardó,8031,BARCELONA,TRUE,224592,20001,Telèfons,Tel.,934289517,TRUE,,61731070,Centres urgències (CUAPs),Planol BCN >> Sanitat >> Hospitals i Centres d'Atenció Primària >> Centres urgències (CUAPs),651,65103008000002,429606.0090914466,4587372.858118908,41.43484056890944,2.157429990506305
﻿179151955,Hospital de dia - Numància,,,2000-06-27T00:00:00+02:00,2022-09-17T02:18:06.919025+02:00,,231502,C Numància,9,,18,Sants,3,Sants-Montjuïc,8029,BARCELONA,TRUE,130571,20003,Telèfons,Centraleta,933249600,TRUE,,61731068,Hospitals i clíniques,Planol BCN >> Sanitat >> Hospitals i Centres d'Atenció Primària >> Hospitals i clíniques,651,65103008000000,428178.1622107764,4581456.107512931,41.381424432438784,2.141043629243917
﻿99400028824,Hospital CIMA. Centro Internacional de Medicina Avanzada,,,2002-12-07T10:49:57+01:00,2023-10-03T10:37:28.676219+02:00,,193108,Pg Manuel Girona,29,,23,Sarrià,5,Sarrià-Sant Gervasi,8034,BARCELONA,TRUE,205748,20006,Telèfons,Informació,902102400,TRUE,,61731068,Hospitals i clíniques,Planol BCN >> Sanitat >> Hospitals i Centres d'Atenció Primària >> Hospitals i clíniques,651,65103008000000,426734.1460125835,4582545.480572792,41.39110575704745,2.123644032557961
﻿99400082613,Hospital de Dia per Adolescents en Salut Mental,,,2004-04-26T23:30:00+02:00,2023-10-03T10:37:17.972953+02:00,,230601,C Mare de Déu de Port,344,,13,la Marina de Port,3,Sants-Montjuïc,8038,BARCELONA,TRUE,211393,20001,Telèfons,Tel.,934317162,TRUE,,61731068,Hospitals i clíniques,Planol BCN >> Sanitat >> Hospitals i Centres d'Atenció Primària >> Hospitals i clíniques,651,65103008000000,428043.05690225295,4579689.304732554,41.36549941267988,2.1396377190835754
﻿99400103246,Centre d'Atenció Primària Les Planes,,,2005-01-11T15:00:07+01:00,2023-05-30T22:02:23.488620+02:00,,202297,Pg Solé i Pla,16,,22,"Vallvidrera, el Tibidabo i les Planes",5,Sarrià-Sant Gervasi,8017,BARCELONA,TRUE,212134,20001,Telèfons,Tel.,932805632,TRUE,,61731069,CAPs,Planol BCN >> Sanitat >> Hospitals i Centres d'Atenció Primària >> CAPs,651,65103008000001,423851.2311188075,4586578.792609478,41.42716382846758,2.088657146119551
﻿99400264609,Hospital de Dia,92086037833,"Fundació ACE, Institut Català de Neurociències Aplicades",2011-02-14T00:00:00+01:00,2022-09-17T07:31:07.290024+02:00,,330708,C Taquígraf Garriga,4,,19,les Corts,4,Les Corts,8014,BARCELONA,TRUE,223268,20001,Telèfons,Tel.,934443109,TRUE,,61731068,Hospitals i clíniques,Planol BCN >> Sanitat >> Hospitals i Centres d'Atenció Primària >> Hospitals i clíniques,651,65103008000000,427393.88673169137,4581937.95464301,41.385693845190495,2.1316073419512267
﻿75990174967,Clínica Coroleu,,,1996-09-18T00:00:00+02:00,2023-10-03T10:41:14.291937+02:00,,91403,C Coroleu,44,,60,Sant Andreu,9,Sant Andreu,8030,BARCELONA,TRUE,147305,20001,Telèfons,Tel.,931165191,TRUE,,61731068,Hospitals i clíniques,Planol BCN >> Sanitat >> Hospitals i Centres d'Atenció Primària >> Hospitals i clíniques,651,65103008000000,432074.74417885765,4587145.148841924,41.43300227670545,2.1870018182458217
﻿99400187136,Clinica del Son Estivill,,,2007-07-11T12:46:12+02:00,2023-02-01T16:52:13.169814+01:00,,288601,C Rosales,9,,24,les Tres Torres,5,Sarrià-Sant Gervasi,8017,BARCELONA,TRUE,217991,20001,Telèfons,Tel.,932121354,TRUE,,61731068,Hospitals i clíniques,Planol BCN >> Sanitat >> Hospitals i Centres d'Atenció Primària >> Hospitals i clíniques,651,65103008000000,427155.1056682553,4583714.455260656,41.4016724490232,2.1285380756075116
﻿99400699333,Clínica Oftalvist,,,2022-10-10T12:47:48.921822+02:00,2022-10-10T12:47:55.666152+02:00,,16907,Carrer d'Anglí,38,40,24,les Tres Torres,5,Sarrià-Sant Gervasi,8017,Barcelona,TRUE,471403,20001,Telèfons,Tel.,936118024,FALSE,,61731068,Hospitals i clíniques,Planol BCN >> Sanitat >> Hospitals i Centres d'Atenció Primària >> Hospitals i clíniques,651,65103008000000,426868.041,4583650.487,41.401070255285575,2.1251119593693084
﻿99400181529,Fundació Hospital de Dia de Nou Barris,,,2007-04-23T13:54:38+02:00,2023-02-01T15:33:10.557645+01:00,,9901,C Almansa,43,,51,Verdun,8,Nou Barris,8042,BARCELONA,TRUE,218499,20001,Telèfons,Tel.,932539211,TRUE,,61731068,Hospitals i clíniques,Planol BCN >> Sanitat >> Hospitals i Centres d'Atenció Primària >> Hospitals i clíniques,651,65103008000000,431084.3495623021,4588263.315749355,41.44298880234272,2.175021416842057
﻿96116124223,Centre d'Atenció Primària Chafarinas,,,1996-04-25T00:00:00+02:00,2023-05-30T22:02:25.097373+02:00,,96101,C Chafarinas,2,,53,la Trinitat Nova,8,Nou Barris,8033,BARCELONA,TRUE,191092,20003,Telèfons,Centraleta,933542222,TRUE,,61731069,CAPs,Planol BCN >> Sanitat >> Hospitals i Centres d'Atenció Primària >> CAPs,651,65103008000001,431778.9047352953,4588699.387643195,41.4469756577075,2.1832857637063765
﻿99400187993,Hospital de Dia Sant Jordi,92086005467,Parc Sanitari Pere Virgili,2007-07-25T00:00:00+02:00,2022-09-21T19:16:03.175550+02:00,,116901,C Esteve Terradas,30,,28,Vallcarca i els Penitents,6,Gràcia,8023,BARCELONA,TRUE,218124,20001,Telèfons,Tel.,932594000,TRUE,,61731068,Hospitals i clíniques,Planol BCN >> Sanitat >> Hospitals i Centres d'Atenció Primària >> Hospitals i clíniques,651,65103008000000,428185.37031957647,4585303.993981919,41.416081444910844,2.1406734168963957
﻿92086003424,"Institut d'Urologia, Nefrologia i Andrologia",92086003422,Fundació Puigvert,1988-03-18T00:00:00+01:00,2022-09-17T03:53:42.748085+02:00,,68900,C Cartagena,340,,35,el Guinardó,7,Horta-Guinardó,8025,BARCELONA,TRUE,160480,20003,Telèfons,Centraleta,934169700,TRUE,,61731068,Hospitals i clíniques,Planol BCN >> Sanitat >> Hospitals i Centres d'Atenció Primària >> Hospitals i clíniques,651,65103008000000,431000.02903507673,4585068.464863859,41.414206723575816,2.174376777322996
﻿92086012519,Centre d'Atenció Primària Trinitat Vella,,,1985-10-11T00:00:00+01:00,2023-05-30T22:02:19.002322+02:00,,34400,Via Bàrcino,88,,57,la Trinitat Vella,9,Sant Andreu,8033,BARCELONA,TRUE,164384,20003,Telèfons,Centraleta,933153934,TRUE,,61731069,CAPs,Planol BCN >> Sanitat >> Hospitals i Centres d'Atenció Primària >> CAPs,651,65103008000001,432575.8349168218,4589136.725544233,41.45098193478274,2.1927765355340667
﻿92086001755,Hospital del Mar,,,1989-08-10T00:00:00+02:00,2023-04-26T08:58:50.814103+02:00,,197903,Passeig Marítim de la Barceloneta - Oriol Bohigas,25,,3,la Barceloneta,1,Ciutat Vella,8003,Barcelona,TRUE,160039,20003,Telèfons,Centraleta,932483000,TRUE,,61731068,Hospitals i clíniques,Planol BCN >> Sanitat >> Hospitals i Centres d'Atenció Primària >> Hospitals i clíniques,651,65103008000000,432665.3945483664,4581636.097679799,41.38343360981442,2.1946836219941206
﻿99400688289,Clínica Sanza,,,2022-03-23T15:07:15.528322+01:00,2023-10-03T10:36:41.172582+02:00,,144601,Avinguda Diagonal,466,466,31,la Vila de Gràcia,6,Gràcia,8006,Barcelona,TRUE,446562,20001,Telèfons,Tel.,932066540,TRUE,,61731068,Hospitals i clíniques,Planol BCN >> Sanitat >> Hospitals i Centres d'Atenció Primària >> Hospitals i clíniques,651,65103008000000,429505.245,4583070.124,41.39607868676643,2.1567254385565757
﻿99400282464,Centre d'Atenció Primària Comte Borrell,,,2011-11-24T12:47:52+01:00,2023-05-30T22:02:17.336044+02:00,,87009,C Comte Borrell,305,,9,la Nova Esquerra de l'Eixample,2,Eixample,8029,BARCELONA,TRUE,224727,20003,Telèfons,Centraleta,932271800,TRUE,,61731069,CAPs,Planol BCN >> Sanitat >> Hospitals i Centres d'Atenció Primària >> CAPs,651,65103008000001,428634.6905829327,4582348.84589782,41.38950562237319,2.146397759629386
﻿99400607886,Clínica de Podologia Integral Pododerm,,,2018-09-06T09:30:18+02:00,2023-03-30T12:04:42.971371+02:00,,369408,Pg Zona Franca,242,,13,la Marina de Port,3,Sants-Montjuïc,8038,BARCELONA,TRUE,232549,20001,Telèfons,Tel.,935119039,TRUE,,61731068,Hospitals i clíniques,Planol BCN >> Sanitat >> Hospitals i Centres d'Atenció Primària >> Hospitals i clíniques,651,65103008000000,427821.1511110357,4579455.40496937,41.363372895335004,2.1370125986858204
﻿99400400950,Centre d'Atenció Primària Guinardó,,,2015-11-09T16:31:22+01:00,2023-05-30T22:02:27.799820+02:00,,334403,C Teodor Llorente,26,,35,el Guinardó,7,Horta-Guinardó,8041,BARCELONA,TRUE,227310,20001,Telèfons,Tel.,933489901,TRUE,,61731069,CAPs,Planol BCN >> Sanitat >> Hospitals i Centres d'Atenció Primària >> CAPs,651,65103008000001,431372.8523059078,4585600.433753895,41.419029908950506,2.1787770228527337
﻿99400279672,Clínica Sant Antoni,,,2011-10-06T11:34:12+02:00,2022-09-17T07:42:27.836805+02:00,,299608,C Sant Eloi,6,,13,la Marina de Port,3,Sants-Montjuïc,8038,BARCELONA,TRUE,224552,20001,Telèfons,Tel.,932974010,TRUE,,61731068,Hospitals i clíniques,Planol BCN >> Sanitat >> Hospitals i Centres d'Atenció Primària >> Hospitals i clíniques,651,65103008000000,428338.5142517392,4578640.233041299,41.35607713194699,2.1432939430344455
﻿99400679578,Clínica Oftalmologica Castanera,,,2021-11-17T14:50:18.271101+01:00,2021-11-18T11:18:37.084804+01:00,,362205,Carrer de Vilana,12,12,25,Sant Gervasi - la Bonanova,5,Sarrià-Sant Gervasi,8022,Barcelona,TRUE,431609,20001,Telèfons,Tel.,934179803,FALSE,,61731068,Hospitals i clíniques,Planol BCN >> Sanitat >> Hospitals i Centres d'Atenció Primària >> Hospitals i clíniques,651,65103008000000,427145.92692788003,4584138.67814652,41.40549240679156,2.1283772212471237
﻿99400659718,Aprovat el projecte del nou CAP Fort Pienc  (previst obertura durant el 2025),,,2020-11-10T15:59:35+01:00,2023-10-30T10:41:19.773976+01:00,,,,,,5,el Fort Pienc,2,Eixample,,Barcelona,TRUE,,,,,,,,61731069,CAPs,Planol BCN >> Sanitat >> Hospitals i Centres d'Atenció Primària >> CAPs,651,65103008000001,-80.8040026142844,-121.32318377961765,-0.0010942582961042412,-1.4894678076317491
﻿99400632531,Centre d'Atenció Primària Roger,,,2019-07-22T09:22:47+02:00,2023-05-30T22:02:15.644355+02:00,,286402,C Roger,48,,17,Sants - Badal,3,Sants-Montjuïc,8028,BARCELONA,TRUE,233325,20003,Telèfons,Centraleta,934310039,TRUE,,61731069,CAPs,Planol BCN >> Sanitat >> Hospitals i Centres d'Atenció Primària >> CAPs,651,65103008000001,427125.3245410122,4581020.699537379,41.377408215094576,2.128505915206101
﻿99400344819,Centre d'Atenció Primària Casernes,99400313267,Centre de Salut Isabel Roig-Casernes de Sant Andreu,2014-06-12T00:00:00+02:00,2023-10-02T12:20:59.427653+02:00,,701334,C Fernando Pessoa,51,,60,Sant Andreu,9,Sant Andreu,8030,BARCELONA,TRUE,226145,20001,Telèfons,Tel.,932747955,TRUE,,61731069,CAPs,Planol BCN >> Sanitat >> Hospitals i Centres d'Atenció Primària >> CAPs,651,65103008000001,432572.90011901816,4588268.853995234,41.44316508022573,2.1928382905116335
﻿99400417752,Policlínica ICOA - Instituto de Cirugia Ocular Avanzada,,,2016-01-08T12:31:04+01:00,2023-02-09T14:58:13.389543+01:00,,44403,C Bolívia,160,,71,Provençals del Poblenou,10,Sant Martí,8018,BARCELONA,TRUE,227800,20001,Telèfons,Tel.,931836800,TRUE,,61731068,Hospitals i clíniques,Planol BCN >> Sanitat >> Hospitals i Centres d'Atenció Primària >> Hospitals i clíniques,651,65103008000000,432877.42496127996,4584271.876008619,41.40719107800593,2.196927087468326
﻿99400680854,Unitat Cirurgia Barcelona,75990027608,Hospital Universitari Quirón Dexeus,2021-11-30T12:58:28.266050+01:00,2021-11-30T13:04:49.883932+01:00,,285002,Carrer de Sabino Arana,5,19,20,la Maternitat i Sant Ramon,4,Les Corts,8028,Barcelona,TRUE,434306,20001,Telèfons,Tel.,934146484,TRUE,,61731068,Hospitals i clíniques,Planol BCN >> Sanitat >> Hospitals i Centres d'Atenció Primària >> Hospitals i clíniques,651,65103008000000,426929.29809419,4581895.87657476,41.38527279999507,2.12605640432412
﻿99400271175,Hospital de Dia,99400254520,Centre Integral de Salut Cotxeres,2011-05-23T00:00:00+02:00,2022-09-17T07:39:53.884372+02:00,,45701,Av Quinze,18,,44,Vilapicina i la Torre Llobeta,8,Nou Barris,8016,BARCELONA,TRUE,223945,20003,Telèfons,Centraleta,932438989,TRUE,,61731068,Hospitals i clíniques,Planol BCN >> Sanitat >> Hospitals i Centres d'Atenció Primària >> Hospitals i clíniques,651,65103008000000,431161.9091881149,4586412.633795086,41.42632706053321,2.1761605774773924
﻿99400706702,Centre Mèdic Vilasalut *Barcelona,,,2023-02-13T16:53:43.480283+01:00,2023-10-03T10:36:38.836963+02:00,,292303,Sagrat Cor,7,,23,Sarrià,5,Sarrià-Sant Gervasi,8034,BARCELONA,TRUE,500646,20001,Telèfons,Tel.,937532241,TRUE,,61731068,Hospitals i clíniques,Planol BCN >> Sanitat >> Hospitals i Centres d'Atenció Primària >> Hospitals i clíniques,651,65103008000000,426417.63786851655,4583552.464680931,41.40014631922122,2.119736244942165
﻿99400706694,Clínica Cipsalut,,,2023-02-13T16:31:42.481624+01:00,2023-02-13T16:31:44.065817+01:00,,100800,Carrer de la Diputació,95,95,9,la Nova Esquerra de l'Eixample,2,Eixample,8015,Barcelona,TRUE,500624,20001,Telèfons,Tel.,934526688,FALSE,,61731068,Hospitals i clíniques,Planol BCN >> Sanitat >> Hospitals i Centres d'Atenció Primària >> Hospitals i clíniques,651,65103008000000,429385.723,4581490.07,41.38183721015341,2.1554800289953686
﻿2067120930,Centre d'Atenció Primària Les Hortes,,,2002-03-08T00:00:00+01:00,2023-05-30T22:02:19.737600+02:00,,86902,C Nou de la Rambla,169,,11,el Poble-sec,3,Sants-Montjuïc,8004,BARCELONA,TRUE,134625,20001,Telèfons,Tel.,933249100,TRUE,,61731069,CAPs,Planol BCN >> Sanitat >> Hospitals i Centres d'Atenció Primària >> CAPs,651,65103008000001,430322.60359101254,4580349.980759241,41.371650458215214,2.166814680601924
﻿75990027608,Hospital Universitari Quirón Dexeus,,,1996-09-17T00:00:00+02:00,2023-10-03T10:45:18.082955+02:00,,285002,C Sabino Arana,5,,20,la Maternitat i Sant Ramon,4,Les Corts,8028,BARCELONA,TRUE,136127,20003,Telèfons,Centraleta,932274747,TRUE,,61731068,Hospitals i clíniques,Planol BCN >> Sanitat >> Hospitals i Centres d'Atenció Primària >> Hospitals i clíniques,651,65103008000000,426932.16922927607,4581894.955963134,41.3852647692118,2.1260908510006153
﻿75990060288,Hospital de Barcelona,,,1996-09-18T00:00:00+02:00,2023-10-03T10:43:53.045095+02:00,,144601,Av Diagonal,660,,19,les Corts,4,Les Corts,8034,BARCELONA,TRUE,139527,20001,Telèfons,Tel.,932542400,TRUE,,61731068,Hospitals i clíniques,Planol BCN >> Sanitat >> Hospitals i Centres d'Atenció Primària >> Hospitals i clíniques,651,65103008000000,427228.5182380354,4582405.700043358,41.3898916934532,2.1295735111980156
﻿75990049258,Clínica Mi Tres Torres,,,1996-09-18T00:00:00+02:00,2023-10-03T10:44:45.234102+02:00,,103502,C Doctor Roux,76,,24,les Tres Torres,5,Sarrià-Sant Gervasi,8017,BARCELONA,TRUE,137553,20001,Telèfons,Tel.,932041300,TRUE,,61731068,Hospitals i clíniques,Planol BCN >> Sanitat >> Hospitals i Centres d'Atenció Primària >> Hospitals i clíniques,651,65103008000000,427179.3374911064,4583445.134892676,41.399248992103516,2.1288603299902027
﻿75990132981,Clínica Centro Médico Aragón,,,1996-09-18T00:00:00+02:00,2023-10-03T10:17:03.796239+02:00,,361406,Viladomat,158,,9,la Nova Esquerra de l'Eixample,2,Eixample,8015,BARCELONA,TRUE,145960,20001,Telèfons,Tel.,934529930,TRUE,,61731068,Hospitals i clíniques,Planol BCN >> Sanitat >> Hospitals i Centres d'Atenció Primària >> Hospitals i clíniques,651,65103008000000,429210.00014798,4581603.419292863,41.3828426660728,2.1533654282847667
﻿1015170605,Centre d'Atenció Primària Sardenya,,,2001-01-15T00:00:00+01:00,2023-05-30T22:02:24.204222+02:00,,76807,C Sardenya,466,,33,el Baix Guinardó,7,Horta-Guinardó,8025,BARCELONA,TRUE,130481,20001,Telèfons,Tel.,935674380,TRUE,,61731069,CAPs,Planol BCN >> Sanitat >> Hospitals i Centres d'Atenció Primària >> CAPs,651,65103008000001,430258.03834851866,4584549.527771263,41.40946879799104,2.165559158653853
﻿75990274567,Centro Médico Teknon,,,1996-09-18T00:00:00+02:00,2023-10-03T10:40:55.171060+02:00,,362205,C Vilana,12,,25,Sant Gervasi - la Bonanova,5,Sarrià-Sant Gervasi,8022,BARCELONA,TRUE,148302,20003,Telèfons,Centraleta,932906200,TRUE,,61731068,Hospitals i clíniques,Planol BCN >> Sanitat >> Hospitals i Centres d'Atenció Primària >> Hospitals i clíniques,651,65103008000000,427146.24966265744,4584137.7971301535,41.40548450111435,2.128381188050171